RK,TEAM,ADJOE,ADJDE,BARTHAG,EFG%,EFGD%,TOR,TORD,ORB,DRB,FTR,FTRD,2P%,2P%D,3P%,3P%D,ADJ T.,WAB,Season
1,Virginia ,123.6,88.7,0.9783,55.7,43.5,14.7,17.8,30,25.9,30.3,27.9,52.2,45.5,40.9,27.2,61,11.5,2019
2,Gonzaga ,124,90.8,0.973,59.6,44.2,14.5,18.9,30.6,27.1,36,25.1,62.3,43.1,36.5,30.9,72,6.9,2019
3,Duke ,119.4,88.2,0.9702,53.4,44.6,17.7,19.8,36.1,29.7,34.6,24,58.3,44.9,30.2,29.3,74,11.5,2019
4,Michigan ,116,85.9,0.9694,52.1,44.1,13.5,18.3,24.5,25.5,27,24.9,51.8,44.5,35,28.9,65.8,9.5,2019
5,North Carolina ,120.6,90.5,0.9645,52.9,48.3,17.1,18.5,34.6,23.2,30.9,28.9,51.9,47.5,36.5,32.9,76.3,10.3,2019
6,Michigan St. ,120.4,91.5,0.9592,55.8,43.7,18.7,14.9,34.1,26.8,35,27.7,54.8,41.3,38.4,31.8,69.2,10.8,2019
7,Texas Tech ,113.6,86.7,0.9572,53.7,42.8,18.2,23,28.6,28.6,33.5,37.6,52.9,41.3,36.8,30.1,67.7,6.7,2019
8,Kentucky ,117.9,90.7,0.9532,53.3,47,18.5,18.4,36.6,25.8,42.5,27.1,52.7,43.6,36.4,35,67.3,8.9,2019
9,Tennessee ,122.8,94.7,0.9522,55.3,47.4,15.9,18.2,31.6,30.3,33.4,34.4,55.7,44.6,36.2,34.4,69,9.8,2019
10,Purdue ,121.3,94.4,0.9471,52.7,49.5,15.9,19.5,35,26.6,29.4,32.7,51.2,47.9,36.4,34.4,67,6.3,2019
11,Virginia Tech ,118.5,93.7,0.937,56.4,48.9,17.5,21.7,29.8,27.4,31.4,26.4,54.2,48,39.4,33.2,65,5.3,2019
12,Houston ,114.8,91.1,0.9342,52.1,42.4,16.8,18.2,34.7,26.2,31.9,37.6,50.8,43.1,35.9,27.6,67.5,7.3,2019
13,Auburn ,119.8,95.6,0.9304,54.2,51.8,17.5,25.3,32.7,32.9,31,36.6,51.3,50.4,38.1,35.6,69.4,6.2,2019
14,Wisconsin ,108.7,87.6,0.9225,51.5,44.8,14.4,17.2,24,26.5,27.5,25.9,49.8,43.7,36.6,31.2,64.8,6.5,2019
15,Louisville ,113,91.2,0.921,50.9,46.4,17.8,16.3,29.2,25.8,35.1,31.6,50.6,45.7,34.2,31.7,68.6,2.7,2019
16,Kansas St. ,107.9,87.5,0.9172,49.5,48.1,17.4,22.9,28.1,25.6,30.7,30.5,49,49.1,33.6,31.2,64.8,6.2,2019
17,Florida St. ,112.1,91,0.9169,50.7,47.3,19.2,20.3,33.1,26.9,36.3,36.1,51,46.2,33.6,32.6,69.9,8,2019
18,LSU ,118.9,96.9,0.9133,51.7,50.2,18.2,20.7,37.3,30.4,37.7,34.2,53.4,49.7,32.3,34.1,71.3,7.3,2019
19,Iowa St. ,118.7,96.9,0.9117,54.9,48.5,16.2,18.8,28.5,30,30.3,23.6,55,47.1,36.5,33.8,69.2,3.9,2019
20,Kansas ,112.2,92.3,0.9049,52.3,47.8,18.7,18.5,29.7,28.3,32.9,27.7,52.2,45.9,35,33.6,71.5,7.9,2019
21,Mississippi St. ,116.7,96.2,0.9026,54.6,50.1,19.3,19.7,34.9,29.8,32.3,31.7,53.3,48.5,37.8,35.3,68.9,4.5,2019
22,Maryland ,112.6,93,0.8998,51.9,46,19.8,14.3,33.9,24.7,32.9,26.6,51.3,44.7,35.3,32,67.6,4.4,2019
23,Clemson,108.5,90,0.8953,51.3,47.5,19.8,19.6,27.8,24.4,32.8,30.4,52.1,44.2,33.2,35,67.4,0.4,2019
24,VCU ,104.8,87.2,0.892,50.6,43,20.1,23.5,31,30.6,36,37.2,53.7,43.8,30.7,27.6,69.7,1.1,2019
25,Florida ,110.1,91.7,0.892,49.9,48.4,18,22.6,31.1,31.7,30.4,33.6,49.8,48.6,33.5,32,64.3,0.6,2019
26,Buffalo ,113.3,94.9,0.8851,53.4,47.2,15.6,20.4,31.6,26.7,32.2,31.5,55.8,48.8,33.6,29.7,75.3,5.6,2019
27,Wofford ,116.7,97.7,0.8847,57.8,50.2,16.2,19.3,32.3,24.6,27.7,31.8,54.3,50.9,41.6,32.7,67.3,4.2,2019
28,Cincinnati ,111.7,94,0.8781,49,48.1,16.1,20.9,37.6,29.4,38.1,30.5,47.3,44.7,35,35.1,65,5.2,2019
29,Texas,114.2,96.2,0.8778,50.9,49.5,16.5,19,28.9,30.2,30,29.8,50.5,46.6,34.3,36.5,66,-0.9,2019
30,Marquette ,113,95.2,0.8774,54.1,45.9,19.5,16.6,29.1,26.2,35.9,35.7,50.5,44.8,39.3,31.9,70.4,3.2,2019
31,Syracuse ,110.4,93,0.8772,49.5,47.5,18.4,23.2,30.1,33.3,36.8,34.8,49.5,46.5,33,32.3,67.4,0.8,2019
32,Penn St.,110.2,92.9,0.8769,47.5,49.9,18.1,19.6,31.9,26.3,32.3,34.1,47.2,48.4,32,35.4,68.9,-2.5,2019
33,UCF ,110.7,93.6,0.8734,52.7,45.5,17.5,18.3,29.6,29.5,46.4,29.6,52.5,44.6,35.4,31.3,66.4,1.6,2019
34,Nevada ,112.6,95.3,0.8723,54.1,47.6,14.4,19.2,26.5,24.7,40.7,27.6,55.1,46,35.1,33.4,70.9,3.9,2019
35,Villanova ,115.6,98.2,0.8668,53.4,49.9,17,18.1,30.8,27.3,35.3,28.6,53.9,49.7,35.3,33.5,65.2,4,2019
36,Saint Mary's ,113.5,96.4,0.8665,54,48.6,16.3,16.4,31.3,23.2,29.7,29.4,52.5,49.1,37.8,31.8,64.2,-0.9,2019
37,Mississippi ,113.1,96.4,0.8628,53,50.6,18.2,21,30.4,29.5,31.7,33.2,52.6,47.8,35.8,37.2,69.7,0.9,2019
38,North Carolina St.,111.9,95.8,0.8557,52,48.8,17.5,21.7,35.7,28.5,28.5,39.4,51.6,50.6,35.1,30.2,72.9,2.3,2019
39,Oklahoma ,108.7,93.2,0.8549,50.2,47.1,17.4,17.5,26.2,27.9,31.4,24.1,49.6,45,34.2,33.3,70.6,2.2,2019
40,Iowa ,116.5,100.4,0.8459,52.6,51.6,17.2,18.5,29.9,29,42.3,28.8,51.5,53.4,36.1,32.6,70.9,3.4,2019
41,Utah St. ,111.9,96.6,0.8455,54.3,46.2,17.9,17.2,31.7,22.2,36.7,34.1,54.7,42.1,35.7,34.8,69.6,2.1,2019
42,Nebraska,111.5,96.2,0.8442,49.1,47.6,14.5,19.7,28.1,32.4,32.8,29.6,48.3,46.4,33.5,33.3,68.1,0.2,2019
43,TCU,110.3,95.4,0.8418,52.3,48.4,19.5,18.8,31.3,28.9,31.6,28.6,52.1,50,35.2,30.5,70.2,0.6,2019
44,Ohio St. ,108.1,93.9,0.8347,50.5,48.2,18.7,18.4,27.7,26.1,34,31.8,49.9,47.4,34.3,33,67.2,1.1,2019
45,Oregon ,106.4,92.5,0.8331,51.7,46.8,17.8,21,29.7,28.1,30.3,35.3,51.9,49,34.3,29.4,65.5,-1.4,2019
46,Minnesota ,110,95.8,0.8309,48.3,49.1,17.6,16.6,31.9,28.1,42,28.3,48.4,48.3,32.1,33.9,69,2.9,2019
47,Creighton,112.1,97.6,0.8304,56.6,52.9,18.5,19,24.5,27.2,29.1,28.1,55.7,53,38.5,35.2,70.1,-1.8,2019
48,Baylor ,113.1,98.7,0.8279,50.9,48.6,19.9,18.5,38.1,28.8,32.6,36.5,50.9,47.1,34,34.1,66.8,0.5,2019
49,Indiana,108.4,95.3,0.8163,51.4,48.4,18,18.1,28.4,28.3,34.8,28.6,53.6,47.7,31.3,33,68.5,0.3,2019
50,New Mexico St. ,111.7,98.2,0.8153,54,48.7,17.7,19.3,37,22.7,34.1,32.4,56.4,47.9,34.2,33.3,67,1.5,2019
51,Alabama,107.8,95,0.8114,50.3,49.1,19.5,17,31.3,27.4,38.5,30.2,50,48.9,33.9,33.1,70.1,-0.3,2019
52,Washington ,105.3,93.1,0.8047,52.1,47.3,19.8,24,29.6,34.4,35.1,34.5,52.3,46,34.6,33.1,67.4,2.8,2019
53,Arkansas,109.6,97,0.8035,51.3,49.4,18.4,22.6,28.5,35.1,38.4,41.5,50.9,48.9,34.6,33.5,72,-2.2,2019
54,Belmont ,114.2,101.2,0.8001,57.9,48.7,15.4,16.3,25.2,24.6,28.4,27.4,59.6,47.1,37.2,34.6,72.6,0.9,2019
55,Missouri,107.2,95.1,0.7981,50.5,49.4,21,18.1,31.9,25.7,29.8,38.1,47.6,50.6,36.3,31.9,66.1,-3.1,2019
56,Seton Hall ,108.2,96.1,0.7964,49.9,49.3,17.5,20,29.3,29.4,34.8,32.6,50.8,48.7,32.4,33.6,70.3,0.3,2019
57,Furman,107.5,95.7,0.7921,55.7,47.7,18.8,20.1,29.2,29.6,25.1,24.3,56.9,48.2,36.2,31.3,68,-0.3,2019
58,Memphis,108.1,96.5,0.787,51.1,48.4,19.8,21.4,33.9,30.9,37.8,37.7,52.5,48.4,32.4,32.3,75.7,-2,2019
59,South Carolina,108,96.4,0.7866,48.3,49.5,19.2,20.3,31.8,31.1,36.2,39.6,44.9,48.2,36.5,34.2,71.8,-2.1,2019
60,Dayton,110.4,98.7,0.7846,56.1,47.8,18.9,17,27.2,27.4,32.5,23.6,59.2,47.7,33.4,31.9,66.1,-2.3,2019
61,Toledo,108.8,97.6,0.7789,53.4,46.8,17.5,15.5,28.6,25.2,26.3,27,50.5,46.6,38.2,31.5,68.9,-0.2,2019
62,Miami FL,109.7,98.4,0.7787,50.8,52,16.9,19.8,25.9,29.8,30.8,22.7,51.4,51.7,33.3,34.9,68.3,-4.7,2019
63,Lipscomb,109.5,98.3,0.777,55.1,48.3,17.9,20.2,26.2,23.4,37.2,28.6,54.2,48,37.7,32.4,74.4,-0.6,2019
64,Illinois,110.1,98.9,0.7761,49.6,52.2,18.4,21.8,29.1,31.9,29.5,42.4,48.2,53.6,34.5,33,71.9,-5.3,2019
65,Temple ,109,97.9,0.7753,49.9,50.6,15.7,20.6,26.9,29.2,32.5,33.9,50.1,51.5,33,32.9,70.1,1.3,2019
66,Murray St. ,110.1,99.1,0.7707,55.2,46.4,17.2,19.5,32.4,30,33.2,28.4,57.2,48.4,34.4,28.5,70.2,1,2019
67,Xavier,110.3,99.4,0.768,53,50.8,19.9,16.4,32,27.6,33,24.7,54.9,49.2,33.3,35.4,66.5,-2.4,2019
68,Arizona St. ,109,98.2,0.767,50.8,48.6,18.5,18.9,32.5,26.4,43.6,38.6,50.6,47.2,34.1,33.6,71.9,-0.2,2019
69,Colorado,106,95.9,0.7595,51.3,48.4,19.3,17.6,31.2,23.7,37.5,31.7,52.8,48.8,32.4,31.7,69.4,-3.8,2019
70,Providence,104.3,94.5,0.7569,48,49.7,18.7,20.2,31.8,28.3,39.1,32.8,47.5,48.8,32.6,34.1,69.2,-3,2019
71,Butler,110.2,100.1,0.7524,51.9,52.7,16.2,19.1,25.8,27.3,25.1,35.9,51.5,52,35,35.8,67.3,-3.9,2019
72,Wichita St.,106.1,96.4,0.7504,46.7,48.4,17.1,18.1,32.8,27.6,29.1,39.9,46.9,47,31,33.8,69.2,-3.3,2019
73,UC Irvine ,106.4,96.8,0.7494,51.4,43.7,17.1,16.7,33.6,26.4,28.6,33.8,50.3,40.7,36,33.3,66.7,0.8,2019
74,Rutgers,105.1,95.9,0.7414,47,49.2,19.1,17.4,33.4,27,31.7,32.4,47.2,47,31.2,35.3,68.9,-3.2,2019
75,Northwestern,101.4,92.6,0.7393,46.6,46.7,16.1,17.9,24.2,26.3,30.2,34,46.4,48,31.3,29.3,67.3,-5.5,2019
76,St. John's ,109,99.5,0.7392,52.3,50.8,14.1,21,21.4,29.7,29.4,39,51.2,50.5,36.2,34.1,72.2,-0.7,2019
77,San Francisco,111,101.5,0.7379,53.5,48.9,15.1,17.2,28.9,25,30.9,30.6,53.8,49.3,35.4,32,67.9,-2.7,2019
78,Vermont ,106.6,97.8,0.7285,52.4,49,16.6,19.4,27.5,21.8,36.3,26.2,52,46.5,35.3,35.3,66.7,-1,2019
79,Liberty ,108.4,99.8,0.722,56.1,48.7,17.2,20.8,25.7,26.5,26,32.4,56.9,48.4,36.6,32.9,63.3,-0.6,2019
80,Texas A&M,106.5,98.3,0.7154,49.3,49.3,20,18.5,32.7,32.5,34.2,27,51,49.1,30.8,33.1,69,-4.4,2019
81,West Virginia,108.3,100,0.7142,47.5,52,21.7,18.6,36.7,28.6,39.7,39.6,47.5,50.9,31.7,35.9,71.7,-4.3,2019
82,Fresno St.,107.2,99,0.714,54.5,48.5,18.2,19.5,27.4,25.4,30.2,35,51.9,50.2,38.2,30.7,69.2,-1.9,2019
83,Notre Dame,107.8,99.6,0.7123,46.2,49,14,16.4,29,31.1,30.1,21.8,45.4,48.6,31.5,33.1,66.6,-5.3,2019
84,Davidson,107.5,99.4,0.7114,53.1,48.3,16.7,16.7,23.3,24.8,28.3,30,52.8,47.3,35.6,33,66.1,-0.9,2019
85,Oklahoma St.,109,100.9,0.7071,50.1,50.3,18,17.6,26.4,29.4,30.6,31.5,46,48.3,37.2,35.4,67.4,-4.4,2019
86,Yale ,110.8,102.7,0.7064,56.1,47.2,18.1,15.2,26.3,24.4,30.5,30.6,56.1,47.5,37.4,31.2,72.1,-0.9,2019
87,USC,108.6,100.7,0.7054,52.8,49.1,16.5,18.1,27,29.9,27.6,30,50.3,48.4,38.2,33.4,71.1,-7.4,2019
88,Northeastern ,109.7,101.8,0.7021,57.2,51.8,16.7,16.7,22.7,24.3,34.3,28,56.4,52.5,38.8,33.6,67.5,-2.7,2019
89,Southern Miss,106.8,99.3,0.6985,53.2,48.4,15.8,19.6,23,28.2,23.6,30.1,49.9,47,39.3,33.3,66,-4.7,2019
90,Georgetown,108.5,101.1,0.6933,51.2,50.1,18.1,16.1,29.2,26,38.6,30.1,49.6,49.2,35.9,34.3,73.8,-2.1,2019
91,UNC Greensboro,104.6,97.5,0.6912,51.4,50.7,17.3,22.4,31.7,29.5,30.6,32.3,51.3,49.7,34.4,35,69,2,2019
92,East Tennessee St.,107.4,100.3,0.689,54.4,52.1,20.1,20.7,36.9,23.6,30.1,30,54.8,47.9,35.7,38.8,68.5,-1.4,2019
93,BYU,110,102.7,0.6868,52.8,50.7,15.3,17.6,23.7,27,40,35.4,54.7,48.3,33,36.6,72.6,-3.2,2019
94,San Diego,104.1,97.4,0.6839,52.4,49.6,18.8,17.5,24.1,22,32.4,37.3,52.4,49.7,34.8,32.9,68.1,-3.8,2019
95,South Dakota St.,111,103.8,0.6836,58.5,50.2,16.3,15.6,23.9,22.7,31.9,23.7,56.2,48.8,41.2,34.5,72.4,-3.5,2019
96,DePaul,110.9,103.8,0.6823,52.4,52.5,19.3,17.7,32.8,24.7,35.4,31.3,52.7,50.8,34.5,36.5,70.6,-4.7,2019
97,SMU,111.8,104.7,0.6814,51.2,50,16.6,17.5,33.4,31.6,27.8,29.5,51.3,48.2,34.1,35.1,66.3,-7,2019
98,Utah,113.6,106.4,0.6799,55,52.3,19.2,14.7,31,27.1,35.5,32.5,54.6,51.7,37,35.6,67.6,-4.5,2019
99,Georgia Southern,107.3,100.6,0.6782,54.3,51.4,18.6,20,27.4,28.7,35,31.3,56.8,51.7,32.4,34,74.8,-4.9,2019
100,Penn,103.8,97.3,0.6776,52.6,49.1,18.4,19,24.8,26.3,28.1,25.5,52.9,48.7,34.7,33.3,68.6,-5,2019
101,St. Bonaventure,101.2,95,0.6742,48.3,47.2,18.7,19.8,29.2,28.7,28.2,31.5,47.9,46.2,32.8,32.3,65.6,-8.1,2019
102,UCLA,107.8,101.3,0.6728,52,49.6,19,15.1,30.8,27.1,38.2,27.6,51.4,47.9,35.5,34.7,74,-5.6,2019
103,Saint Louis ,102.1,96,0.6691,46.8,46.9,19,19.4,36.1,25.3,39.7,32.9,47.1,46.9,30.8,31.3,67.6,-3.1,2019
104,Arizona,103.8,97.7,0.6668,49,50.9,16.7,20.3,28.4,25.9,33.3,35,48.1,51.9,33.6,32.9,68.2,-4.5,2019
105,Oregon St.,110.3,103.8,0.6666,52.2,50.2,18.3,17.6,30.8,29,36.8,33.5,54.5,46.7,32.1,37.3,67.2,-4.2,2019
106,Hofstra,115,108.3,0.6652,55.9,52.1,13.8,18.3,26.8,29.9,37.7,25,54.5,51.5,38.7,35.3,69,-1.8,2019
107,Connecticut,107.5,101.3,0.6646,51,49.6,18.5,20,32.3,30.2,32.7,39.2,50.7,49.2,34.4,33.5,70.3,-6.2,2019
108,Pittsburgh,104,98,0.6632,47.9,47.7,19.6,21.3,32.1,32.8,42.3,32.9,46.9,45.8,33.1,33.6,68.7,-5.8,2019
109,Akron,98.4,92.8,0.6631,48.2,45.5,17.3,19.1,25.1,29.9,27.7,30.6,48.8,46.1,31.7,29.6,67.5,-8,2019
110,Georgia St. ,106.9,100.9,0.6619,54.4,50.1,16.6,21.1,23.3,33.6,35.7,31.3,51.8,50.5,38.4,33,71.3,-1.3,2019
111,San Diego St.,102.5,96.8,0.6592,49.9,48.2,18.3,18.8,28.9,28.4,35.2,33.3,47.9,47.2,35.6,33,68,-4,2019
112,Wright St.,106,100.1,0.6584,51,53.1,17.3,20.1,30.8,25.9,35.1,28.6,50.4,52.1,34.6,36.5,66.6,-6.8,2019
113,Northern Kentucky ,108.1,102.2,0.6572,55,48.9,17.6,18.5,30.7,26.5,35.5,35.2,55.3,49.5,36.4,31.9,69.2,-2.5,2019
114,Loyola Chicago,104.2,98.4,0.6568,55.1,51.1,18.8,20.5,19.9,21.7,32,23.9,55,48.7,36.7,36.6,64.2,-7.2,2019
115,Bowling Green,107.6,101.8,0.6543,50.5,50.8,16.6,17.8,30.7,24.8,34.9,31.1,48.8,50,35.8,34.6,71.5,-4.2,2019
116,Grand Canyon,106.9,101.2,0.6516,51.5,50.1,17.2,19.4,29.4,25.3,34.5,29.9,52.6,48.4,33.2,35.5,69.2,-5.6,2019
117,Boston College,107,101.3,0.6516,48.5,48.4,17.5,16.6,28.6,31.5,35,29.4,49.1,48.8,31.7,32,68.7,-4.9,2019
118,Old Dominion ,100.6,95.4,0.647,47.7,45.6,17.9,18.6,32.3,24.8,29.5,32.4,44.6,43.4,35.3,32.5,65.9,-1.6,2019
119,South Florida,101.9,96.7,0.6465,48.7,49,22.9,22.2,37.1,26.6,50.2,44.9,48.5,48.9,32.7,32.7,68.6,-4.9,2019
120,Boise St.,107.7,102.3,0.6443,53.9,51.8,17.3,18.5,23.5,24.4,31.8,33.6,54.7,52,35.2,34.3,66.9,-12,2019
121,Drake,106.8,101.5,0.6408,53.9,48.7,19.2,16.7,24.6,26,33.4,29.2,53.7,50.7,36,30.1,70.5,-3,2019
122,Tulsa,104.4,99.4,0.6379,51.2,48.1,18,17.6,23,29.4,43.4,30.3,51.3,47.3,34,32.8,70.1,-4,2019
123,Harvard,104.2,99.2,0.6378,53.2,50.6,22.5,18,28.2,22.3,31.5,33.8,51.6,49.7,36.9,34.8,68.7,-3.5,2019
124,Georgia Tech,100,95.2,0.6355,49.2,45.7,21,18.7,25.3,31.6,34.3,34.8,50.7,46.3,30.7,29.7,68.4,-4.4,2019
125,Utah Valley,107.6,102.6,0.6345,55.9,49.1,19.9,16.5,27.8,26.4,41.2,30,54.5,47.5,38.7,34.7,70,-2.3,2019
126,Western Kentucky,104,99.2,0.633,49.9,48.9,19.6,18.5,29.6,28.1,37.9,25.6,50.2,47,32.7,34.5,69.1,-5.4,2019
127,Georgia,105,100.1,0.6322,50.1,48.5,22.5,15.5,32.7,31,41.3,29.9,51.1,47.8,32.2,33.2,70.1,-7.5,2019
128,Austin Peay,110.1,105.7,0.6151,52.9,52.5,16.6,20.8,32.3,30,34.7,34.2,51.1,53.5,37.5,34,70.4,-5.2,2019
129,Central Michigan,109.4,105.1,0.6134,51.1,49.8,16.2,18.7,31.4,32.9,40.3,29,48.6,53.6,36.9,28.8,72.2,-3.9,2019
130,Jacksonville St.,103.4,99.5,0.6088,50.5,48.7,18.8,20.4,33,25.6,30.2,30.1,52.3,47.7,31,33.3,69.1,-3.4,2019
131,College of Charleston,106.9,103,0.6057,54.2,52.1,15.6,19.1,25.6,25.9,33.5,26.4,56.3,53.7,33.7,33.3,66.8,-3,2019
132,Rhode Island,103.7,99.9,0.6039,47.4,48.7,17.8,20.2,31.3,27.9,36.8,35.7,50,48.8,28,32.3,68.9,-6.7,2019
133,Stanford,101.5,97.8,0.6036,51.2,47.9,20.8,17.2,29.9,28.3,36.1,32.9,53.2,46.4,31.7,34.5,71.2,-6,2019
134,UTSA,105.3,101.6,0.6031,49.5,49.5,16.4,18.1,26.1,28.4,26.2,35.6,48,50,34.3,32.5,73.3,-7.7,2019
135,Loyola Marymount,102.9,99.4,0.6,49.7,49.9,19.7,21.2,29.6,26.9,39.2,35.9,50.8,50.6,31.3,32.6,64.3,-4,2019
136,Texas St.,100.9,97.6,0.5935,50,48.2,19.6,21,32.9,24.6,34.5,38.8,50.7,48.8,32.5,31.5,66.5,-3.3,2019
137,Montana ,106.6,103.3,0.59,56.7,50,17.4,19.3,27.7,25,32,37,56.2,49,38.3,34.6,67.9,-3.3,2019
138,Kent St.,108.8,105.5,0.5895,49.5,52.3,16.4,19.1,33.2,30.7,32.4,36.2,49.2,53.1,33.4,34,68.9,-2.7,2019
139,Colgate ,108.8,105.6,0.5837,55.9,50.6,19.3,18,30.3,26.9,28.9,28.6,53.9,50.4,39.1,33.9,68,-4.4,2019
140,Ball St.,100.5,97.7,0.5806,51.8,47.3,20.2,17.9,27.5,28.6,37.6,30.4,53.5,46.8,32.2,32.1,71.6,-8.6,2019
141,Louisiana Monroe,111.4,108.6,0.5726,53.8,52.9,16.2,17.4,26.7,28.7,36.4,29.1,49.3,52.6,39.6,35.6,67.7,-7.5,2019
142,Samford,105.7,103.3,0.5663,54.1,49.6,19.3,18.1,28.1,31.2,33.9,28.3,53,47.3,37.3,35.1,70.5,-8.7,2019
143,UT Arlington,100.6,98.7,0.5559,47,48,20.3,18.1,31,28,34.5,38,47.9,50,30.5,29.9,67.9,-7.5,2019
144,Miami OH,103.2,101.2,0.555,48.6,51.1,18.7,16.7,30,25.3,34.7,33.9,48.7,51.3,32.3,33.9,67.5,-8.7,2019
145,Radford,106.7,104.8,0.552,52.8,51.9,16.4,18.1,29.7,24.9,27,30.7,50.1,51.7,38,34.7,65.8,-4.7,2019
146,Northern Illinois,106.5,104.6,0.5511,52.6,51.9,17.2,17.9,27.2,26.7,26.5,39.1,51.6,50,36.5,36.1,67.3,-8.9,2019
147,UAB,106,104.3,0.5476,50.6,49.1,16.9,18,30.5,26.5,31.7,31.3,51.6,48.2,32.4,33.5,66.3,-7.3,2019
148,Pepperdine,106.8,105.1,0.5466,52,53.9,18,20.9,24.9,29.5,35.7,35.7,48.4,54.9,37.9,34.8,71.8,-9.8,2019
149,Abilene Christian ,101.9,100.3,0.5444,52.4,49.6,17.4,23.4,27.7,27.8,34.5,38.4,49.8,49.2,38.3,33.5,67.1,-2.6,2019
150,Brown,97.4,95.9,0.544,50,47.7,20.2,21.3,24.7,26.9,36.8,31.5,50.2,50.3,33.2,29.5,72.3,-5.7,2019
151,Louisiana Tech,103.1,101.6,0.5424,49.8,49.3,17,19.2,29.4,28.8,35.9,30.2,49.3,49.1,33.7,33,66.9,-6.9,2019
152,Coastal Carolina,104.4,103.3,0.5306,51.2,50.8,20.3,18.2,32.2,28.5,41.2,43.3,49.1,52.8,36.5,32.3,70.8,-10,2019
153,Wake Forest,103.8,102.9,0.5265,44.8,53.3,19.4,16.1,33.9,27.3,37.6,35.2,44.1,54.7,30.8,34.1,68.8,-7.1,2019
154,Florida Atlantic,98.6,98,0.5178,47.9,48,20.7,18.1,29,25.2,28.6,32.1,47.3,47.9,32.5,32.1,68.8,-9,2019
155,Bucknell,104,103.4,0.516,53,49.2,17.3,16.6,25.8,27.6,33.9,32.4,53.3,48.8,35.1,33.3,71.9,-5.6,2019
156,Richmond,108.1,107.5,0.5146,54.1,53.1,15.3,18.5,19.1,29.9,30.7,28.7,55.5,54,34.7,34.4,67.2,-13.4,2019
157,Eastern Michigan,101.8,101.5,0.5091,48.5,50.8,20.8,20.1,34.3,34.9,33.9,32,50.5,50.4,29.9,34.2,64.3,-8,2019
158,Vanderbilt,100.4,100.2,0.5055,48.6,49.5,20.5,16.4,29,29.3,40.6,33.3,50,48,31.1,34.9,68.9,-9.1,2019
159,North Texas,97.4,97.3,0.502,49.2,47.4,20.1,19.8,30.7,24.4,27.7,37.7,50.5,46.4,31.7,32.8,66.8,-7,2019
160,Saint Joseph's,105.3,105.3,0.4999,48,51.7,13.5,15.7,22,24.4,31.7,27.1,47.8,49.9,32.2,36,69.8,-10.5,2019
161,Louisiana Lafayette,106.6,106.8,0.4955,50.9,53.2,17.4,20,29.1,31.9,35.1,36.9,50.5,52.3,34.2,36.6,73.4,-6.4,2019
162,Seattle,99.9,100.2,0.4925,49.2,46.4,17.4,16.1,28.8,26.8,34.3,39.2,46.1,44.6,36.9,33.5,68.8,-8.9,2019
163,Sam Houston St.,105.5,105.8,0.4911,51.8,50.9,18.2,21.4,29.8,28.4,26.8,43.1,48.2,50.6,37.7,34.3,67.6,-6.5,2019
164,Princeton,97.8,98.1,0.4903,47,49.7,17.8,17.2,24.3,24.7,29.8,28.7,48.1,50.3,30.3,32.5,68.7,-5.6,2019
165,Bradley ,100.5,100.9,0.4882,49.7,47.6,18.9,18.6,27.1,26.7,36.3,35.3,46.7,46.4,36.8,33,66.4,-8,2019
166,Duquesne,103.8,104.3,0.4873,49.9,49.9,19.8,21.6,31.9,35.1,35,31.9,51.1,49.5,32.2,33.8,71,-6.6,2019
167,Oakland,106.3,107,0.4816,54.3,53,18.4,17.2,25.7,32.5,35.7,28,52.3,53.2,37.9,35.2,69.7,-10.5,2019
168,Fort Wayne,106.6,107.3,0.4808,55.8,54,16.8,17.1,23.1,28.6,26.9,25,55.8,52,37.2,38,73.1,-9.6,2019
169,UNLV,104.7,105.4,0.4805,49.5,51,18.6,17.6,35.5,27.7,34.9,31.6,48.8,49.7,33.7,35.7,69.1,-7.5,2019
170,Southern Illinois,101.8,102.5,0.4798,52.8,49.6,21,19.1,28.8,29.2,32,25.6,51.2,47.6,37.4,35.1,67.2,-8.3,2019
171,Missouri St.,101.7,102.5,0.4798,51.2,53.5,18.2,21.8,25.4,25.3,36.9,35,51.4,49.4,33.9,40.3,67.4,-10,2019
172,Northern Colorado,102.1,102.9,0.4789,53,51.4,18.4,18.6,27.7,25.6,34.8,28.4,53.6,49.5,34.9,37.1,67.9,-6.7,2019
173,Lehigh,107.4,108.2,0.4786,56.4,50.2,18.5,15.6,23.5,27.5,34.9,30.5,51.9,49.9,42.4,33.8,72.9,-5.5,2019
174,George Mason,102.8,103.6,0.4773,50.1,50.2,18.9,18.2,29,27.2,34.2,30.6,50.5,51.6,33,32,69.2,-6.8,2019
175,Northern Iowa,100.5,101.3,0.4769,48.9,51.1,17.9,18.2,23.2,23.1,27.6,32.4,46.2,51,35,34.2,65.6,-11.1,2019
176,Nebraska Omaha,108.6,109.7,0.4725,54.4,55,13.5,16.8,24.8,25.6,24.1,27.1,51.8,55.2,39.3,36.5,69.5,-4.7,2019
177,Colorado St.,106.7,107.8,0.4722,54.4,53.1,17,16.2,23.9,27.1,31.9,29.5,55.5,53.5,35.2,35,68.5,-12.9,2019
178,Marshall,106.3,107.3,0.4713,51.9,52.9,16.3,21.5,22.9,33.4,30,33.4,51.9,52.3,34.6,36.1,75.8,-6.2,2019
179,Illinois Chicago,100.3,101.6,0.4644,53.3,48.3,20,17.6,24.9,30.4,27.8,42,54.1,46.8,34.9,33.8,71.6,-10.3,2019
180,Charleston Southern,100.4,101.9,0.459,50,51.4,17.9,21.3,29.3,28.1,27.4,30.9,47.5,49.7,35.6,35.8,70.5,-9.5,2019
181,North Florida,102.4,104.2,0.4502,52.1,48.1,21.8,16.9,29.4,32.7,25.3,30.6,53.2,47.4,33.9,33.2,73.4,-8.1,2019
182,New Mexico,102.7,104.5,0.4489,49.5,51.6,19.4,18.3,29.3,28.6,39.3,37.1,47.8,50.8,34.4,35.5,74.1,-10.2,2019
183,American,101.5,103.5,0.4437,53.2,48.2,18.7,17.7,26.1,27.4,35.8,34.8,55.6,50,32.5,29.2,67.9,-11.3,2019
184,Cal Baptist,105.9,108.1,0.4421,51.6,49.2,17.7,15.3,28.7,29,32.1,40.7,51,47.2,34.9,35.8,69.5,-9,2019
185,UT Rio Grande Valley,97.5,99.6,0.4405,46,49.6,18.2,24.4,26.6,33,43.7,44.8,45.8,49.7,31,33.1,71.6,-8.2,2019
186,La Salle,99.9,102.2,0.4351,47.2,51.3,20.2,19.8,28.9,28.9,28.5,41.3,45.3,51.2,33.1,34.2,70.6,-13.2,2019
187,North Dakota St. ,105.9,108.4,0.4351,53.8,53.6,15.8,14.6,20.7,25.4,32.1,26.2,52.4,52.9,36.8,36.6,66.6,-8.6,2019
188,UC Santa Barbara,103.2,105.6,0.4349,50.3,49.7,16.8,16.6,33.1,26.2,39.5,32.4,49.4,50.8,34.8,31.8,65.9,-6,2019
189,Ohio,98.3,100.6,0.434,48.6,50.8,20,18.5,28.2,27.4,33.2,31.2,50.7,48.9,29.7,35.9,70.8,-8.7,2019
190,Santa Clara,100.1,102.5,0.433,51.6,49.1,20.5,16.3,24.1,28.3,33.9,35.2,49.8,49.9,36.2,31.8,67.8,-7.2,2019
191,Appalachian St.,105.5,108.1,0.4323,51.4,53.8,17.8,17.4,25.9,29.8,37,34.1,51.3,52.8,34.4,37.3,72.8,-14,2019
192,Gardner Webb ,105.5,108.1,0.4316,54.8,50.2,16.8,18.1,22.6,31,39.2,27.7,53.8,49.9,37.7,33.8,68.6,-5.3,2019
193,Campbell,106.4,109.2,0.4258,52.8,54.6,14.8,19.5,23.7,28.9,31.2,36,54.8,53.6,33.8,37.3,67.1,-7.7,2019
194,Presbyterian,107.5,110.4,0.4249,53.5,53.9,14.6,18.3,25.9,27.1,31.5,33.6,50.2,53.9,38,35.9,69,-9.9,2019
195,Stony Brook,96.9,99.6,0.4218,48.2,46,20.5,18.7,33.5,26.3,35.4,34.6,47.8,46.6,32.6,30.1,70.6,-3.9,2019
196,Mercer,102.4,105.4,0.4187,51,52.7,19.3,20.1,28.8,32.3,35.7,34.7,51.2,53.4,33.8,34.6,68.3,-12,2019
197,Winthrop,104.2,107.2,0.4169,54.2,51.3,20.2,15.4,28.7,25.5,30.4,30.3,53.3,51.6,36.7,33.8,74.2,-6.8,2019
198,FIU,101.2,104.4,0.4095,49,53,17.7,23.5,25.6,34.1,37.2,35.7,52.1,53.5,29.8,34.8,79.1,-7.8,2019
199,Hawaii,102.4,105.9,0.4061,52.3,50.8,17.6,17.4,26.9,24.7,31.2,32.9,52.2,50.3,35,34.5,67.5,-8.6,2019
200,Dartmouth,103,106.6,0.4041,51.8,53,17.6,16,23.9,24.8,24.8,27.9,50.6,54.6,35.8,33.1,67.4,-13,2019
201,NJIT,99,102.4,0.4039,50.9,48.7,17.7,18.1,21.6,26.7,39.1,29.9,50.1,48.2,34.8,33,68.1,-6.4,2019
202,Indiana St.,100.8,104.4,0.4025,48.6,51.5,18.6,19.4,23.7,27.2,35.8,38,46.7,52.1,35.6,33.7,70.1,-9.7,2019
203,Columbia,102,105.6,0.4005,51.5,52.1,18,18.9,24.3,27.2,22.4,38.1,50.6,51,35.4,35.8,68.9,-12.5,2019
204,IUPUI,102,105.7,0.4,50.2,52.6,19.6,19.6,34.3,27.8,35.2,33.2,50.5,50.7,33,37,70.4,-10.7,2019
205,South Alabama,102.9,106.7,0.3978,52.9,52.1,19.5,19.7,25.5,31.9,35.1,36.6,51.1,51.3,37,35.6,67.7,-10.9,2019
206,Hartford,106.8,110.7,0.3977,54.2,52.6,17.8,19.3,25.3,31,33.1,29.9,51.5,53.2,38.2,34.4,68.2,-9.2,2019
207,Illinois St.,100.1,103.8,0.3969,49.1,51.3,18.4,18.2,26,26.1,28.6,32.8,49.1,51.5,32.7,34,68.2,-9.2,2019
208,Hampton,106.4,110.4,0.3946,49.1,51.7,14.5,16.6,28.2,27.4,34.7,37.7,47.8,51.4,34,34.8,72.4,-11.7,2019
209,Lamar,103.1,107,0.3941,49.3,52.2,20,19.8,36.2,27.4,42.3,35.7,48.8,52.3,33.6,34.6,69.6,-9,2019
210,Green Bay,101.3,105.3,0.3916,50.7,52.8,16.7,19.1,24.8,30.6,34.7,32.7,50.6,52.1,33.9,35.8,75.3,-8.6,2019
211,Washington St.,104.9,109.1,0.3898,52.8,54.7,19.2,17.1,25.2,29.5,30.3,28.4,51.5,54.9,36.4,36.2,71.8,-12.6,2019
212,Pacific,98.3,102.4,0.3849,47.7,54.2,19.6,19.2,26.8,23.1,40.5,42.2,44.9,54.1,35.6,36.2,66.5,-9.7,2019
213,Iona ,104.7,109.2,0.3834,53,52.3,17.3,18.6,25.7,30.1,37.1,28.8,53.3,50.2,35.1,36.8,72.1,-10.4,2019
214,Cal St. Fullerton,97.9,102.1,0.3807,49.3,48.9,19.1,16.8,24.6,26.5,38.5,35.8,50.5,49.1,31,32.2,71.1,-9.7,2019
215,California,102.6,107,0.3796,48.6,56.9,16.5,20.5,23.3,31.4,34.8,36.1,46.5,56.7,35,38.1,68,-13.7,2019
216,William & Mary,102.2,106.7,0.3789,54.4,52.7,18.3,15.6,24.5,26,31.3,30,55.8,51.1,35,36.9,70,-11,2019
217,Prairie View A&M ,101.5,105.9,0.3786,49,51.2,17.4,24.7,29.7,34.3,43.1,46.2,49.2,53.7,32.4,31.2,72.2,-7.2,2019
218,Rider,100,104.6,0.3725,50.6,53.7,18,22.8,30.8,27.4,39.9,36,50.4,53.6,34,35.9,75.1,-10.1,2019
219,Fairleigh Dickinson ,105.4,110.4,0.3693,54.8,51.7,19.6,20.3,29.8,32.9,35.4,29.6,51.5,51.1,40.5,35.1,68.1,-9.3,2019
220,Florida Gulf Coast,99.9,104.7,0.3676,52.6,52.1,21.2,19.2,25.6,30.8,31.9,27.4,50.7,49.9,36.9,36.8,69.8,-11.2,2019
221,Valparaiso,96.7,101.4,0.3674,48.9,49.9,20.3,18.9,26.7,27.1,32.1,31.7,50.1,49.8,31,33.4,66.4,-12.3,2019
222,Cornell,99.4,104.2,0.3673,51.1,50.5,18.9,17.4,18.8,28.8,33.9,26.8,52.3,50.6,32.9,33.7,69.3,-8.5,2019
223,South Dakota,100.2,105.1,0.3659,50.1,51.7,16.1,17.4,21.5,25.6,35.9,35.2,49.6,50.7,33.9,35.8,68.3,-11.7,2019
224,Weber St.,99.8,105,0.3572,53.2,49,16,15.8,19.2,26.9,37.1,30.9,53.4,49.7,35.2,31.7,72.5,-10.7,2019
225,Long Beach St.,100.1,105.4,0.3555,47.6,51.1,19,18.9,28.9,33,40.8,30.2,46.3,51.6,33.8,33.5,73,-11.8,2019
226,Massachusetts,102.6,108.4,0.3454,51.1,51.2,20.2,16.8,31.5,27.1,31.3,41.4,50.2,50.6,35,35,69,-13.8,2019
227,Cal St. Bakersfield,101.5,107.5,0.3427,47.3,51.8,19.5,20.2,38,29.4,29.3,52.2,47,49.8,31.9,36.5,66.8,-8.7,2019
228,Little Rock,98.4,104.1,0.3415,54.4,52.3,22.6,19.4,24.3,27.2,42.5,40.3,54.9,51.7,35.6,35.3,71.9,-14.9,2019
229,Boston University,103.5,109.6,0.34,53.4,54.6,18.8,18.2,28.6,25.1,24.8,32.5,54.5,56.4,34.2,34.7,67.8,-13.1,2019
230,Southeastern Louisiana,99.1,105,0.3393,50.4,50.2,24.1,20.9,32.5,28.2,37.2,39.3,50.4,50.6,33.6,32.9,66.8,-10.7,2019
231,Chattanooga,101.5,107.6,0.339,51.5,52.9,19.1,15.4,24.6,28.4,24.2,31.6,49.3,52,36.3,36.4,67.9,-12.5,2019
232,Air Force,99.8,105.8,0.3372,51.3,53.6,19.3,17.8,23.2,24.1,28.3,28.6,53.1,53.6,32.3,35.7,67.8,-10.7,2019
233,Army,96,101.8,0.337,49.6,53.3,16.5,18.7,21.6,22.9,24.3,28.4,51,53.4,31.8,35.4,71.2,-14,2019
234,High Point,98,104,0.3351,49.1,50.3,20.4,16.3,34.1,25.5,33.8,29.1,51,51.5,30.3,32.6,65,-10.6,2019
235,Arkansas St.,102.4,108.7,0.3339,47.2,51.6,19.4,17.1,33.7,29.8,37.9,43.7,46.5,50.2,32.3,36,69.5,-12.5,2019
236,Quinnipiac,103.9,110.5,0.3304,52.6,50.4,19.7,15.9,29.8,29.3,37.8,26.5,48.1,50,37.6,34.1,68.1,-10.9,2019
237,Detroit,105.4,112.2,0.327,49.7,54.4,16.3,19.8,29.3,36.4,31,32.7,46.7,56.2,35.6,34.5,70.1,-12.5,2019
238,Eastern Washington,100.1,106.6,0.3261,50.3,52.5,17.1,16.6,24.6,23.6,27,34.8,48.9,50.1,34.8,37.4,69,-12,2019
239,UMKC,99.5,106.1,0.3252,49.8,53.6,17.2,20.9,23.5,32.3,32.4,36.7,47.8,53,35.2,36.5,68,-13.6,2019
240,Siena,100,106.6,0.3246,51.5,52.6,15.6,18,23.6,28.5,24.7,27.3,52.1,51.9,33.9,36,61.9,-11.9,2019
241,Fordham,96.4,102.8,0.3227,46.8,49.5,16.4,19.1,25.1,28,24.5,36.9,44.7,49.6,33,32.9,66.3,-14.8,2019
242,Marist,100.7,107.5,0.3219,52.3,53,18.9,19.3,24.3,26.6,32.2,35.9,50.8,52.6,36.3,35.5,65.9,-15.2,2019
243,Eastern Kentucky,98.5,105.1,0.3211,47.8,53.2,18.2,21.5,27.3,31.1,32.6,39.7,47.7,54.4,32,34,78.6,-11.5,2019
244,St. Francis PA,105,112.2,0.3184,48.8,53.8,17.4,16.9,33.4,28.6,35,31.8,46.5,54.9,35.3,34.8,69.5,-9,2019
245,Western Michigan,98.4,105.1,0.3183,48,52.1,21.7,15.2,29.7,27.6,36.7,29.9,49.4,50.1,30.5,36.9,70.6,-15.1,2019
246,UMBC,94.8,101.3,0.3181,48.4,51.4,18.3,22.9,24.5,24.4,31.1,32.9,49.5,51.8,31.3,34,66.2,-8.1,2019
247,Middle Tennessee,97,103.7,0.3174,46.7,50.8,22.8,17.5,32.3,28.1,29.6,34.2,45.7,50.5,32.3,34.1,69.1,-13.2,2019
248,Troy,101.2,108.3,0.3141,51,52.7,19.9,17.1,27.2,31.1,31.7,32.8,51.7,50.1,33.2,37.8,68.5,-11.7,2019
249,Holy Cross,99.5,106.6,0.3112,52.7,53.8,16.1,22.1,20.6,32.9,23.1,26.8,52.5,52.2,35.4,37.3,65,-11.3,2019
250,Youngstown St.,103.7,111.2,0.31,49.6,53.6,18.5,16.2,33.5,28.9,23.1,38.5,48.5,55,34.1,34.2,68.6,-14.2,2019
251,Rice,101.5,108.8,0.31,50.1,51.6,18.9,14.9,26.6,24.4,38.5,30.6,48.1,51.5,35.3,34.5,71.7,-12.9,2019
252,East Carolina,98.3,105.5,0.3093,46.1,51,19,19.5,28.2,31,35.6,41.8,47.7,52,28.4,32.9,69.9,-12.8,2019
253,UC Davis,95.5,102.4,0.3088,49,52.8,19.9,21.1,22.1,27.7,29.7,37.7,49,53.3,32.7,34.6,67.3,-14,2019
254,North Dakota,97.4,104.6,0.3045,51.3,52.5,17.9,17.3,21,25.4,27.2,30,49.6,52.2,36,35.3,71.1,-12.8,2019
255,Cal St. Northridge,103.5,111.2,0.3043,51.5,51.6,16.7,17.1,28.4,32.5,31.8,32.2,50.3,48.2,36.1,38.4,72.3,-14.7,2019
256,The Citadel,105.7,113.8,0.2991,52,56.6,17.3,16.9,25.1,31.8,25.8,31.7,54.2,57.5,33.5,37.1,75.3,-10.8,2019
257,LIU Brooklyn,97.5,105.1,0.298,50.7,48.2,20.1,18.5,28.3,29.5,34.4,35.4,50.3,47.7,34.1,32.8,72.3,-13,2019
258,Evansville,97.9,105.5,0.2971,49.4,50,18.5,17.1,18.9,26.2,37.5,37.5,47.9,49,34.2,34.8,71,-14.6,2019
259,Sacred Heart,102.3,110.3,0.2964,51.7,51.8,19.9,16.5,31.8,27,38.1,31.3,51.1,49.3,35.2,37.3,73.4,-13.1,2019
260,Delaware,103.5,111.8,0.2921,53.3,52.8,17.2,14.9,24.2,28.8,31.2,28.6,50.9,49.9,37.8,38.4,64.8,-10.9,2019
261,Texas Southern,101.8,110.1,0.2901,50.2,51.7,19.8,19.9,32.5,31.3,41.2,33.9,51.6,50.4,31.9,36.1,75.9,-6.7,2019
262,Morehead St.,101.1,109.6,0.2837,48.4,52.5,17.2,17.7,27.8,31.6,33.9,28.4,47.1,51.3,33.6,36.4,68.8,-12.9,2019
263,UNC Wilmington,104.1,113.1,0.2784,50.5,56,18.5,14.5,31.7,26.7,32.8,31.9,49.3,54.4,35,38.8,70.6,-16.6,2019
264,New Orleans,96.3,104.6,0.2779,48.2,49.7,21.8,22.6,32.5,34.4,36.7,39.2,46.9,50.1,34.2,32.7,69.6,-8.6,2019
265,St. Francis NY,95.5,103.7,0.2776,48.4,48.7,17.7,19.2,27.1,28.3,29,38.8,47.3,49.2,33.3,31.7,69.7,-11.6,2019
266,Loyola MD,100.4,109.2,0.2753,51.6,55.6,19.5,20.6,27.9,29.6,33.6,32.3,51.8,53.7,34.2,39.2,70.1,-15.1,2019
267,Oral Roberts,103.5,112.6,0.2751,52.2,54.1,20.4,14.5,29.8,27.1,26.1,32.7,50.7,51.3,36.4,39,68.5,-14.5,2019
268,Navy,97,105.5,0.2749,46.8,52.1,20.7,16.6,31.8,25.5,30.5,29.7,46.4,53.2,31.7,33.8,68.2,-13.5,2019
269,Drexel,103.3,112.7,0.2679,51.3,55.6,16.6,14.6,29.2,26.3,30.6,30.3,50.9,54.7,34.7,38.2,70.7,-13.5,2019
270,Tulane,96.4,105.2,0.2676,47.1,50.6,21,15.1,27,30.9,32.8,31.6,46.7,50.7,31.8,33.6,71.2,-17.7,2019
271,Albany,97.7,106.7,0.2659,49.3,52.1,20.9,18.5,27.3,28.3,32.5,30.2,46.9,51,34.8,35.9,67.3,-15.8,2019
272,Houston Baptist,102.2,111.6,0.2651,49.6,55.7,19.5,20.2,33.8,29.6,42.4,35.7,49.3,54.3,33.4,39,75.1,-12.9,2019
273,George Washington,95.5,104.3,0.265,45.8,51.2,18.2,17.1,23.4,28.5,32.6,30.2,45.3,49.8,31.1,35.6,68.8,-15.7,2019
274,Robert Morris,95.1,103.9,0.2645,48.9,51.9,21.3,22.4,29.9,27.8,32.8,39,47.1,52.3,34.5,34.2,67.6,-11.4,2019
275,Milwaukee,98.4,107.6,0.2645,48.1,51.7,18,15.3,26.7,28.3,28.2,36.3,46.5,53,33.8,33.3,67.5,-16.3,2019
276,Western Carolina,100.3,109.7,0.2619,53.6,55.3,25.1,14.7,28.4,25.7,34.8,39.7,52.3,57.8,36.8,34.1,71.1,-16.4,2019
277,Montana St.,105.5,115.5,0.2597,53.4,57.1,17.1,17.2,26.3,26.6,34.9,28.3,51.1,57.4,37.6,37.8,71.4,-12.3,2019
278,Sacramento St.,96.5,105.7,0.2596,48.7,52.6,19.1,21.4,28.2,27.1,33.5,36.8,48.3,50.8,33.1,37,69,-12.6,2019
279,Tennessee Martin,104.4,114.4,0.2595,50.4,57.1,18.8,19.3,31.5,34.7,26.4,27.2,49.9,56.7,34.1,38.5,69.7,-13.4,2019
280,Norfolk St.,96.2,105.4,0.2589,50.3,49,20.6,20.8,26.7,28.8,39.5,43.4,46.9,47.7,37.3,33.8,70.3,-9,2019
281,Jacksonville,97.1,106.4,0.258,49.6,52.1,19.9,18.2,28.3,27.4,30.5,28.8,51,50.3,31.2,37,72.5,-14.4,2019
282,Cleveland St.,101.2,111,0.257,51.5,51.6,18.5,16.8,26.3,33,31.7,34,48.9,53.2,36.5,32.9,70.7,-15.3,2019
283,Towson,99.9,109.5,0.257,47.9,52.1,18.8,15.2,35.2,27.3,28.1,33,47.6,50.8,32.6,35.7,64.8,-16.8,2019
284,Canisius,101.2,111,0.2569,50.5,53.6,18.6,20.5,27,31.9,31.4,36.9,52,53.3,32.4,36,69.1,-11.7,2019
285,Southern Utah,96.4,105.7,0.2567,50.5,51,19,17.1,23.1,24.9,37.7,39.1,50,48.2,34.2,36.8,72.2,-12,2019
286,James Madison,100.2,110,0.2563,50.2,52.9,18.8,16.4,30.1,29.4,33.4,34,47.5,52.6,36.6,35.7,66.4,-14.1,2019
287,Fairfield,95.6,105,0.2528,50.7,52.6,20.7,21.4,26.1,28.9,23.9,40.1,49.5,51.2,35,36.6,69.3,-17.8,2019
288,Portland St.,101.1,111.3,0.2479,46.9,53.7,19.4,18.8,38.7,28.5,37.3,43.3,48.3,54.6,29.8,34.8,70.5,-12.1,2019
289,Monmouth,92.7,102.2,0.2462,45.8,51.1,20.6,21.2,29.3,28.5,40.3,43.2,46.4,48.4,29.7,35.8,68.8,-15.4,2019
290,Western Illinois,97,107,0.2457,49.8,52.2,16.3,14.5,22.6,25.5,23.2,28.1,45.9,48.4,38.2,38.9,68.7,-16,2019
291,Grambling St.,93.9,103.5,0.2452,49.6,44.9,22.1,18.2,26.1,29.7,44.1,42.9,45.1,44.6,39.7,30.2,70.8,-11.6,2019
292,Texas A&M Corpus Chris,94.3,104,0.2437,47.9,48.6,22.3,20.1,31.1,27.5,29.8,41.7,47.6,46.1,32.3,34.9,66.3,-13.6,2019
293,VMI,101.2,111.8,0.2422,50.1,56.9,16.5,16.9,21.7,27.6,29.2,32,47.6,56.8,35.4,38.1,73,-13,2019
294,Elon,99.1,109.5,0.2408,52,53.6,18.4,15.2,22.4,28.3,24.3,29.4,52.2,51.5,34.6,37.8,69.5,-16.1,2019
295,UMass Lowell,101.8,112.9,0.2345,53.7,52,19.6,17.9,27,29.8,34.1,32.6,55.1,54.7,34.3,31.6,71.6,-13,2019
296,North Carolina Central ,96.9,107.7,0.2301,49.8,49.7,23,17.7,34.6,27,33.4,30.9,51.7,50.9,31.1,31.6,66.5,-11,2019
297,North Alabama,94.1,105,0.2221,44.5,52.6,19.3,17.2,27.3,25.1,30.8,38,44.4,52.6,29.7,35.1,69.9,-14.7,2019
298,Eastern Illinois,99.2,110.7,0.2207,49.6,53.6,18.8,18.4,29.2,30.5,28.7,33.1,46.7,50.3,36.2,39,68.3,-12.3,2019
299,Central Arkansas,98.7,110.3,0.2175,49.1,51.9,19.7,18,24.5,30.9,34.2,34.3,46.3,51.2,35.3,35.3,72,-13.2,2019
300,UTEP,89.2,99.7,0.217,45.7,49.4,22.8,19,26.7,26.7,34.7,32.9,44.3,46.6,32,36.2,69.3,-15.3,2019
301,Nicholls St.,98.6,110.4,0.2132,50.1,51,17.2,18.1,23.5,33.6,21.9,36,45.4,53.5,37,30.7,70.2,-12.6,2019
302,Longwood,95.2,106.7,0.2125,51.5,49.9,20.9,17.7,24.5,25.3,34,33.6,50.8,49.5,34.9,33.6,68.4,-13.3,2019
303,Lafayette,100.5,112.7,0.212,52.6,54.7,18.7,15.3,22.2,26.7,24.5,31.2,49.2,52.9,38.3,38.6,70.2,-15.7,2019
304,Tennessee St.,97.3,109.1,0.2115,49.1,54.3,22.7,20.3,28.7,28.4,36.2,54,49.3,52.6,32.6,38.4,71,-14.5,2019
305,North Carolina A&T,95,107,0.2029,51.1,48.8,19.4,20.7,27.1,34.7,31.1,32,51,49.5,34.1,31.7,67.3,-8.5,2019
306,Wyoming,94.3,106.4,0.2006,49.1,51.7,19.9,17.4,15.9,28.8,39.1,34.4,47.1,51.6,34.5,34.6,69.9,-17.5,2019
307,Charlotte,95.1,107.3,0.1997,48.1,51.3,22,17.9,22.3,26.4,36.3,32.6,49.2,49.9,31.1,35.5,65.9,-15.3,2019
308,Bethune Cookman,92.9,105,0.1976,48.3,47.8,21.5,19.7,33.5,31.5,37.1,36.6,48.3,48.7,32.4,30.9,73.3,-13.2,2019
309,Northern Arizona,99.2,112.1,0.197,50.3,55,17,16.6,25.8,26.5,33.8,29.7,49.2,55.9,34.6,35.8,69.9,-16.7,2019
310,Denver,98.5,111.6,0.1919,50.2,56.5,19.7,15.7,26.4,22.9,26.2,28.3,47.8,51.7,36.2,41.8,68.8,-16.1,2019
311,Niagara,101.4,114.9,0.1911,49.2,53.4,17.3,16.2,27.1,26.2,33.3,25.3,46.1,51.3,35.9,38,71.1,-15.6,2019
312,Howard,101.2,114.8,0.1893,48.5,52.1,17,20,29.8,33.1,33.9,37.9,45.6,51.4,36.8,35.5,72.4,-12.9,2019
313,Idaho St.,102.5,116.6,0.1855,52,56.1,17.6,15,25.8,29.8,28.8,30.6,50.4,54.2,36.2,39.6,68.3,-14.3,2019
314,Saint Peter's,93.7,106.8,0.1824,48.7,51.2,23.3,18.7,29.9,27.8,34.8,38.5,48.8,46.7,32.5,38.6,64.9,-17.1,2019
315,Wagner,92.8,106,0.179,44,51.1,20.8,19.8,33.4,28.9,33.8,46.5,43.1,49.9,30.1,35.2,65.1,-13.4,2019
316,Mount St. Mary's,94.9,108.7,0.1728,47.9,52.1,19,17.8,25.1,31.5,33.9,34.8,48.7,51.1,31.2,35.8,68.7,-16.8,2019
317,Stephen F. Austin,94.7,108.6,0.1713,48.4,52.6,20.5,21.5,29.1,32.9,36.2,36.1,47.6,49.9,33.3,37.4,70,-11.8,2019
318,Southeast Missouri St.,96.2,110.5,0.1681,50.4,52.7,20.2,17.4,25.6,28.3,29.1,33.5,47.4,55.7,36.6,32.3,69.2,-15.6,2019
319,UC Riverside,97.2,112,0.1642,51.2,54.4,20.3,16,25.1,26.5,22.7,33.4,47.2,53.7,38,37.2,64.8,-18.2,2019
320,Florida A&M,88.1,101.6,0.1625,49.1,48.5,24.6,21.7,27.9,32.4,31.1,40.5,46.9,50.4,36.4,30.2,66.3,-14.2,2019
321,Portland,93.3,108.1,0.1555,47.3,51.8,19.9,16.3,20.3,30.1,39,34.6,45.8,49.2,32.9,37.1,68.4,-18,2019
322,Bryant,98.5,114.3,0.1539,49,54.9,18.4,18.6,26.6,30.2,36.8,35.4,49.2,52.8,32.5,38.8,69.2,-16.2,2019
323,Jackson St.,89.8,104.4,0.1506,44.6,49.2,20.4,20.7,28.7,27,34.3,44,45.9,46.8,27.9,35.5,67,-14.6,2019
324,Manhattan,89.2,103.8,0.1499,47.4,51,24.1,23.5,30.6,30.3,33.3,45.6,45.6,48.6,33.2,36.1,63.3,-17.4,2019
325,Central Connecticut,95.1,111.3,0.1417,47,53,19.8,18.1,29.6,29.9,34.1,37.2,45.8,51.5,32.8,36.6,70.5,-15.3,2019
326,McNeese St.,96.8,113.5,0.1376,49.8,54.2,21.3,17.7,29.7,31.9,38.8,29.3,51.3,53.8,31,36.5,67.5,-16.4,2019
327,SIU Edwardsville,95.5,112.1,0.1363,46.8,56.6,18.7,18.9,28.5,28.5,34.6,39.3,47.6,56.8,30.3,37.5,70.8,-16.5,2019
328,Binghamton,95.7,112.4,0.1359,49.5,52.3,18.5,16.7,20.9,31.7,24.3,25.2,48.4,49,33.9,38.4,67.2,-17.5,2019
329,Stetson,95.8,112.9,0.1318,45.5,54.5,17.5,18,27.9,32,25,33,45,54.2,31,36.6,70.7,-18,2019
330,Tennessee Tech,88.2,104,0.1306,46.1,51.1,22.8,19.2,27.9,32.9,36.3,33.2,43.9,51.1,33.6,34.1,69.6,-16.5,2019
331,Cal Poly,97,114.6,0.1279,47.2,52.6,17,15.6,26.1,31.4,25.8,38.1,46.6,51.5,32,36.5,67.4,-18.6,2019
332,Arkansas Pine Bluff,93.8,111.2,0.1239,48.4,51.6,22.1,19.7,29.1,30.7,42.4,45,47,50.8,34,35.5,67.1,-14.1,2019
333,Maine,93.2,110.9,0.1198,48.6,55.3,22.2,19.1,25.9,27.2,25.6,38.6,49.9,52.7,31,38.7,65.3,-20.9,2019
334,Southern,92.6,110.3,0.1179,48.9,54.9,23.2,22.2,30.2,32.9,34.6,50.5,48.8,54.8,32.6,36.7,67.5,-19.2,2019
335,Kennesaw St.,91.1,109,0.1126,40.9,53.7,19,17.1,29.2,30.8,30.1,27.7,39.1,53.7,31.4,35.9,69.6,-18.7,2019
336,Alabama St.,93.4,111.9,0.1104,46.1,53,21,21.2,31.6,32.4,37.4,36.9,44.7,53.6,32.1,34.7,68.5,-13.8,2019
337,USC Upstate,92.2,111.6,0.0996,47.4,53.1,19.9,18.2,24.7,31.3,25.3,39,46.8,54,32.1,34.3,69.5,-21.1,2019
338,San Jose St.,92.6,112.3,0.0978,46,56.1,21.9,15.4,27.4,28.7,34.8,26.9,44.1,56.3,33,37.3,71,-20.3,2019
339,South Carolina St.,97,118.1,0.094,47.2,56.4,20.8,20.4,31.6,30.2,39.7,40,46.5,57.1,32.4,36.9,68.3,-20.3,2019
340,Morgan St.,91.5,111.5,0.0934,43.7,53.4,17.9,23.9,31.8,35.2,34.3,39.9,41.5,52.4,33.1,36.7,73.6,-16.2,2019
341,Incarnate Word,97.4,118.7,0.0931,51.9,59.3,24.1,19.7,23.1,32.7,34.8,39.1,51.4,61.2,35.1,37.6,66.4,-20.1,2019
342,Northwestern St.,89.3,109.1,0.0911,44.7,51.2,22.7,19.5,28.9,34.7,33.6,36.5,46.2,48.1,28,37.5,69.9,-14.9,2019
343,Savannah St.,94.3,117.3,0.0756,48,53.8,19.9,19.3,28,34.6,25.2,33.3,53.7,53.5,29.2,36.1,77.7,-15.1,2019
344,Idaho,94.3,118.1,0.0702,50.3,53.7,20,13.3,24.2,32,28.2,33.1,46.5,55.4,37.6,34.3,66.5,-22.4,2019
345,Coppin St.,87.3,109.4,0.0697,45.5,50.2,23.3,16.7,26,28.9,37.7,33.6,47.7,47.1,28.6,36.5,71.7,-18.2,2019
346,UNC Asheville,92.7,116.3,0.0689,46.2,55.7,23.5,18.2,27.7,37.1,26.3,33.7,45.2,56.7,31.7,36.2,63.7,-20.1,2019
347,Alabama A&M,87.1,109.6,0.0664,45.8,53.7,22.3,21,28,32.1,25.1,38.8,45,54.1,31.6,35.3,67.1,-22.7,2019
348,Mississippi Valley St.,89.6,113.4,0.0622,41.9,54.1,18.5,17.5,28.4,31.7,33.7,32,40.1,51.4,31,39.1,70.6,-20.2,2019
349,New Hampshire,83.5,106.1,0.0598,44,51.5,18.4,16.9,21.5,24.7,21.9,38,39.4,52.1,32.6,33.6,67.1,-20.3,2019
350,Alcorn St.,88.7,112.8,0.0594,45.7,52.7,24.1,18.2,30.1,31.5,30.5,36.5,45,55.3,31.3,32.1,67.1,-16.8,2019
351,Chicago St.,88.5,117,0.0387,44.2,57.8,22.5,16.7,22.1,33.9,33.1,33.9,43.5,57.9,30.7,38.5,71.9,-20.7,2019
352,Delaware St.,84.3,112.8,0.0338,40,52.4,19,18.9,27.8,31.6,25.5,39.2,37.7,52.6,29,34.7,71.6,-21.8,2019
353,Maryland Eastern Shore,85.7,115,0.0329,43.5,54.4,20.7,19,22.8,31.7,28.3,36.6,44.5,53.2,27.9,37.3,64.5,-19.9,2019
